,variant,iteration
0,K3F,1.0
1,E4M,1.0
2,E4Y,1.0
3,I7A,1.0
4,Q10P,1.0
5,R23K,1.0
6,R23N,1.0
7,V31C,1.0
8,I36D,1.0
9,G38E,1.0
10,T58E,1.0
11,D61W,1.0
12,E4F,2.0
13,E4H,2.0
14,E4L,2.0
15,E4N,2.0
16,E4Q,2.0
17,E4V,2.0
18,D5M,2.0
19,E8C,2.0
20,E8Q,2.0
21,T12C,2.0
22,T12M,2.0
23,S71C,2.0
24,M1W,3.0
25,E4C,3.0
26,E4I,3.0
27,E4W,3.0
28,D5C,3.0
29,D5F,3.0
30,D5I,3.0
31,D5L,3.0
32,D5N,3.0
33,D5V,3.0
34,D5Y,3.0
35,E25Q,3.0
36,E4T,4.0
37,D5A,4.0
38,D5H,4.0
39,D5Q,4.0
40,D5S,4.0
41,D5T,4.0
42,M21L,4.0
43,V24I,4.0
44,E27C,4.0
45,E27L,4.0
46,E27M,4.0
47,E27Q,4.0
